_q_type,sum_bottom_up,count_bottom_up,_count,winner,my_score,base_score,above_median,o_top_down,o_bottom_up,_diff,diff_score,percen
a color,0.493466770425,0.5,1,top_down,1.0,1.0,False,698.558790322,680.538867116,0.0130664591509,0.0,0.002
a there,0.475017122573,0.5,1,top_down,1.0,1.0,False,700.817028511,634.116087681,0.0499657548539,0.0,0.002
a watermelon,0.481349437882,0.5,1,top_down,1.0,1.0,False,837.329582678,777.109201036,0.0373011242355,0.0,0.002
about how,0.471057255999,0.5,3,top_down,1.5,1.5,True,2524.16327512,2247.92841864,0.0578854880014,0.0,0.005
according to,0.510564195945,0.5,1,bottom_up,1.0,1.0,False,760.73072242,793.570610089,-0.0211283918904,0.0,0.002
all the,0.515768504477,0.5,1,bottom_up,1.0,1.0,False,621.722877198,662.214419212,-0.0315370089546,0.0,0.002
among the,0.47755224578,0.5,1,top_down,1.0,1.0,False,629.76530567,575.647676935,0.0448955084406,0.0,0.002
any books,0.528432680926,0.5,2,bottom_up,2.0,2.0,False,1325.4687327,1485.30436181,-0.0568653618526,0.0,0.003
any leaves,0.525434586062,0.5,1,bottom_up,1.0,1.0,False,923.726035185,1022.74121265,-0.0508691721246,0.0,0.002
any pets,0.464904329806,0.5,1,top_down,1.0,1.0,False,834.583552424,725.106796259,0.0701913403885,0.0,0.002
anyone on,0.536099587429,0.5,1,bottom_up,1.0,1.0,False,551.485354949,637.315818761,-0.0721991748579,0.0,0.002
anything hung,0.494512395408,0.5,1,top_down,1.0,1.0,False,729.011712763,713.183320589,0.0109752091832,0.0,0.002
anything on,0.515842999486,0.5,1,bottom_up,1.0,1.0,False,569.268931819,606.525141621,-0.0316859989717,0.0,0.002
approximately what,0.471398069527,0.5,1,top_down,0.3,0.3,False,932.711761716,831.776235671,0.0572038609469,0.0,0.002
are,0.497574565352,0.5,442,top_down,435.4,435.9,True,384684.033975,380969.946589,0.00485086929583,-0.5,0.737
are the,0.494894842593,0.5,1778,top_down,1745.3,1748.7,True,1543591.3762,1512388.85597,0.0102103148137,-3.4,2.963
are the people,0.49531966872,0.5,239,top_down,235.2,235.6,True,204263.942535,200475.314921,0.00936066256036,-0.4,0.398
are there,0.499127050251,0.5,577,top_down,568.0,571.0,True,492261.820657,490545.937086,0.00174589949898,-3.0,0.962
are there any,0.520281135288,0.5,357,bottom_up,356.2,356.8,True,285215.602749,309331.795173,-0.0405622705753,-0.6,0.595
are these,0.49188795964,0.5,253,top_down,245.9,246.6,True,229841.271749,222502.411322,0.0162240807192,-0.7,0.422
are they,0.498027723768,0.5,834,top_down,829.2,830.3,True,720560.186293,714897.94638,0.00394455246347,-1.1,1.39
aside from,0.480419436514,0.5,2,top_down,2.0,2.0,False,1748.05775509,1616.30549854,0.0391611269728,0.0,0.003
assuming the,0.476592550749,0.5,1,top_down,0.9,0.9,False,666.191478118,606.605611552,0.0468148985016,0.0,0.002
assuming this,0.497602486004,0.5,1,top_down,1.0,1.0,False,808.046402479,800.334172599,0.00479502799244,0.0,0.002
bald children,0.469694324909,0.5,1,top_down,1.0,1.0,False,595.38988563,527.339727866,0.0606113501826,0.0,0.002
based on,0.509392929578,0.5,6,bottom_up,5.3,5.3,True,4786.02493165,4969.28684471,-0.0187858591564,0.0,0.01
beside the,0.484012090505,0.5,1,top_down,1.0,1.0,False,984.766406467,923.740340195,0.0319758189898,0.0,0.002
"besides fish,",0.469979052575,0.5,1,top_down,1.0,1.0,False,861.827518005,764.197872486,0.0600418948498,0.0,0.002
besides the,0.459990878826,0.5,5,top_down,5.0,5.0,True,4571.62390598,3894.20329346,0.0800182423479,0.0,0.008
besides trees,0.460396116486,0.5,1,top_down,1.0,1.0,False,982.288768314,838.099850681,0.0792077670276,0.0,0.002
by which,0.520796086942,0.5,1,bottom_up,1.0,1.0,False,854.01532815,928.139000891,-0.0415921738837,0.0,0.002
can,0.500624114896,0.5,343,bottom_up,341.0,341.0,True,293958.84939,294693.622943,-0.00124822979133,5.68434188608e-14,0.572
color is,0.475959282898,0.5,1,top_down,1.0,1.0,False,720.699398443,654.574268131,0.0480814342041,0.0,0.002
considering his,0.480988375673,0.5,1,top_down,1.0,1.0,False,729.775645092,676.311638672,0.0380232486542,0.0,0.002
could 5,0.457659160885,0.5,1,top_down,1.0,1.0,False,1062.34458408,896.468965371,0.0846816782309,0.0,0.002
could a,0.494851772405,0.5,2,top_down,2.0,2.0,False,2124.38408268,2081.08268258,0.0102964551896,0.0,0.003
could an,0.516571458928,0.5,1,bottom_up,1.0,1.0,False,528.861423418,565.119131072,-0.0331429178564,0.0,0.002
could another,0.47923309069,0.5,1,top_down,1.0,0.9,False,982.150005893,903.818530768,0.0415338186202,0.1,0.002
could any,0.484621163495,0.5,1,top_down,1.0,1.0,False,989.015127916,929.990965977,0.0307576730094,0.0,0.002
could he,0.485902070531,0.5,2,top_down,2.0,2.0,False,1976.96770899,1868.54030742,0.028195858937,0.0,0.003
could her,0.496636751471,0.5,1,top_down,1.0,1.0,False,827.714712424,816.65387198,0.00672649705723,0.0,0.002
could it,0.51719367964,0.5,1,bottom_up,1.0,1.0,False,929.671377146,995.886217985,-0.0343873592805,0.0,0.002
could she,0.49023027474,0.5,2,top_down,2.0,2.0,False,1774.91990175,1706.88730217,0.0195394505208,0.0,0.003
could someone,0.494828310727,0.5,2,top_down,2.0,2.0,False,2019.95616567,1978.59761033,0.0103433785468,0.0,0.003
could that,0.480138673999,0.5,4,top_down,4.0,4.0,True,4045.02620884,3735.94538209,0.0397226520024,0.0,0.007
could the,0.49498147451,0.5,67,top_down,66.8,67.0,True,58167.6056202,57011.5465976,0.0100370509793,-0.2,0.112
could their,0.482524274008,0.5,1,top_down,1.0,1.0,False,1055.94546791,984.624581799,0.0349514519833,0.0,0.002
could there,0.48072051558,0.5,4,top_down,4.0,4.0,True,3190.92614982,2953.98472296,0.0385589688393,0.0,0.007
could these,0.482898057447,0.5,5,top_down,5.0,5.0,True,4832.06234046,4512.4439219,0.0342038851052,0.0,0.008
could they,0.486676919839,0.5,14,top_down,14.0,14.0,True,15948.1799598,15120.3236321,0.0266461603227,0.0,0.023
could this,0.489985148018,0.5,10,top_down,10.0,10.0,True,10642.9641957,10224.9853441,0.0200297039644,0.0,0.017
could those,0.49198037759,0.5,1,top_down,1.0,1.0,False,974.283960868,943.523773104,0.0160392448206,0.0,0.002
could two,0.487848355343,0.5,1,top_down,1.0,1.0,False,754.66465878,718.853324913,0.024303289314,0.0,0.002
could you,0.495729698948,0.5,8,top_down,8.0,8.0,True,6735.78407467,6621.70309166,0.00854060210498,0.0,0.013
did a,0.498372011616,0.5,1,top_down,1.0,1.0,False,728.337667721,723.610159328,0.00325597676785,0.0,0.002
did all,0.492652666625,0.5,2,top_down,2.0,2.0,False,1528.56945707,1484.29639737,0.0146946667502,0.0,0.003
did any,0.492475713879,0.5,1,top_down,1.0,1.0,False,827.305472627,802.775087557,0.0150485722419,0.0,0.002
did anyone,0.509610265428,0.5,2,bottom_up,2.0,2.0,False,1962.6633411,2039.58875093,-0.0192205308567,0.0,0.003
did grandma,0.487857610233,0.5,1,top_down,1.0,1.0,False,894.302008233,851.895975184,0.0242847795334,0.0,0.002
did grandpa,0.506807466941,0.5,1,bottom_up,1.0,1.0,False,967.890081827,994.609382276,-0.0136149338829,0.0,0.002
did he,0.494335464983,0.5,21,top_down,20.5,20.6,True,15742.7906765,15390.0841572,0.0113290700349,-0.1,0.035
did her,0.49313987314,0.5,1,top_down,1.0,1.0,False,729.27057812,709.529870907,0.0137202537199,0.0,0.002
did one,0.487016308799,0.5,2,top_down,2.0,2.0,False,1589.88777423,1509.40719654,0.0259673824021,0.0,0.003
did people,0.523243126894,0.5,1,bottom_up,1.0,1.0,False,707.879912432,776.901854469,-0.0464862537887,0.0,0.002
did she,0.493246541853,0.5,18,top_down,17.9,18.0,True,13076.3123483,12727.7786512,0.0135069162933,-0.1,0.03
did somebody,0.516494775722,0.5,3,bottom_up,3.0,3.0,True,2150.29661335,2297.01130677,-0.0329895514435,0.0,0.005
did someone,0.496028367146,0.5,15,top_down,15.0,15.0,True,13205.6810122,12997.5418506,0.00794326570749,0.0,0.025
did something,0.473474505033,0.5,2,top_down,2.0,2.0,False,1754.00546967,1577.27760482,0.053050989934,0.0,0.003
did the,0.493676237166,0.5,310,top_down,306.6,307.7,True,247947.062589,241753.561378,0.0126475256671,-1.1,0.517
did this,0.496756266762,0.5,5,top_down,5.0,5.0,True,4695.8746448,4635.33871097,0.00648746647664,0.0,0.008
do,0.497762296637,0.5,277,top_down,275.5,276.0,True,239293.867804,237161.536085,0.00447540672557,-0.5,0.462
do the,0.492653197974,0.5,535,top_down,531.2,532.8,True,457769.683129,444511.914589,0.0146936040513,-1.6,0.892
does,0.492784009889,0.5,406,top_down,401.1,401.1,True,350292.26638,340325.287501,0.0144319802226,0.0,0.677
does the,0.493220549325,0.5,1409,top_down,1395.1,1398.4,True,1197347.99918,1165312.91295,0.013558901351,-3.3,2.348
from the,0.495278040006,0.5,1,top_down,1.0,1.0,False,557.268718346,546.841588947,0.00944391998709,0.0,0.002
given adequate,0.46721029981,0.5,1,top_down,1.0,1.0,False,1088.55418658,954.567491996,0.0655794003798,0.0,0.002
given that,0.482765884762,0.5,1,top_down,1.0,1.0,False,898.700251233,838.811302542,0.0344682304764,0.0,0.002
goes the,0.453705946218,0.5,1,top_down,1.0,1.0,False,732.30884685,608.194206003,0.0925881075637,0.0,0.002
"grandma, granddaughter,",0.494224009312,0.5,1,top_down,1.0,1.0,False,799.384632544,781.126596265,0.0115519813755,0.0,0.002
had the,0.465087736741,0.5,1,top_down,1.0,1.0,False,712.213234534,619.244807193,0.0698245265171,0.0,0.002
hair color,0.509576652795,0.5,1,bottom_up,1.0,1.0,False,840.071176956,872.879851464,-0.01915330559,0.0,0.002
has a,0.499083129338,0.5,1,top_down,1.0,1.0,False,850.161595452,847.049349606,0.0018337413243,0.0,0.002
has any,0.530653480199,0.5,1,bottom_up,1.0,1.0,False,954.518754376,1079.19986099,-0.0613069603985,0.0,0.002
has anyone,0.516291096863,0.5,4,bottom_up,4.0,4.0,True,3841.21976053,4099.96084544,-0.0325821937252,0.0,0.007
has anything,0.486700341567,0.5,1,top_down,1.0,1.0,False,554.768661357,526.020410372,0.0265993168667,0.0,0.002
has he,0.492652569504,0.5,1,top_down,1.0,1.0,False,973.115901396,944.930476496,0.0146948609923,0.0,0.002
has it,0.500299590959,0.5,1,bottom_up,1.0,1.0,False,940.510140878,941.637889944,-0.000599181917433,0.0,0.002
has she,0.480672460742,0.5,2,top_down,2.0,2.0,False,1676.40937022,1551.62928264,0.0386550785163,0.0,0.003
has somebody,0.480842317514,0.5,1,top_down,1.0,1.0,False,881.749079477,816.673402214,0.0383153649722,0.0,0.002
has someone,0.489380122709,0.5,1,top_down,1.0,1.0,False,992.424129934,951.143236067,0.0212397545818,0.0,0.002
has something,0.514458846375,0.5,1,bottom_up,1.0,1.0,False,679.780565661,720.266702393,-0.0289176927492,0.0,0.002
has the,0.498147459363,0.5,79,top_down,78.1,78.8,True,65336.6563453,64854.2883143,0.00370508127361,-0.7,0.132
has this,0.493780289325,0.5,13,top_down,13.0,13.0,True,10721.0735599,10457.6228319,0.0124394213505,0.0,0.022
have all,0.497177680365,0.5,1,top_down,1.0,1.0,False,591.7463121,585.103419889,0.00564463926909,0.0,0.002
have any,0.50587708629,0.5,1,bottom_up,1.0,1.0,False,764.424148618,782.608234234,-0.0117541725807,0.0,0.002
have people,0.491447326078,0.5,1,top_down,1.0,1.0,False,761.527382668,735.913141624,0.0171053478442,0.0,0.002
have the,0.494777451075,0.5,12,top_down,12.0,12.0,True,10374.7051482,10160.2158886,0.0104450978499,0.0,0.02
have these,0.484353283739,0.5,2,top_down,2.0,2.0,False,1909.9116132,1794.00339871,0.0312934325218,0.0,0.003
have they,0.503336155484,0.5,9,bottom_up,9.0,9.0,True,7410.656,7510.21267571,-0.00667231096746,0.0,0.015
have trees,0.485916846798,0.5,1,top_down,1.0,1.0,False,756.476627703,715.029728791,0.0281663064037,0.0,0.002
her shirt,0.462863627589,0.5,1,top_down,1.0,1.0,False,540.565465686,465.818561632,0.0742727448221,0.0,0.002
how,0.484211401426,0.5,539,top_down,358.1,358.4,True,425996.782522,399916.748138,0.0315771971478,-0.3,0.898
how many,0.471334519255,0.5,5956,top_down,5731.8,5818.9,True,5134928.14986,4578072.48454,0.0573309614898,-87.1,9.927
how many animals are,0.468898169596,0.5,194,top_down,171.5,183.1,True,138518.790895,122295.205527,0.0622036608073,-11.6,0.323
how many birds are,0.469494126361,0.5,188,top_down,180.1,176.5,True,131820.50487,116660.259284,0.0610117472775,3.6,0.313
how many bushes,0.462850783633,0.5,254,top_down,235.6,205.3,True,182433.174743,157199.033932,0.0742984327346,30.3,0.423
how many clouds are,0.481812394871,0.5,260,top_down,221.6,251.0,True,215891.075521,200736.1718,0.0363752102577,-29.4,0.433
how many people are,0.488297530543,0.5,511,top_down,503.5,493.9,True,506184.064002,483031.533374,0.023404938913,9.6,0.852
how many pictures,0.485225761993,0.5,202,top_down,199.6,198.3,True,185677.663131,175019.608453,0.029548476015,1.3,0.337
how many pillows,0.465844823217,0.5,279,top_down,266.1,274.7,True,238371.766356,207887.629259,0.0683103535662,-8.6,0.465
how many plants are,0.478918431959,0.5,191,top_down,187.5,179.9,True,162425.892727,149283.257412,0.0421631360825,7.6,0.318
how many trees are,0.480175081525,0.5,249,top_down,241.4,241.2,True,180260.68155,166511.23173,0.0396498369506,0.2,0.415
how many windows are,0.496236679198,0.5,209,top_down,206.9,206.7,True,162397.992764,159971.632133,0.00752664160481,0.2,0.348
if 4,0.484512016679,0.5,1,top_down,1.0,1.0,False,1232.93744488,1158.84953129,0.0309759666426,0.0,0.002
if a,0.480558334341,0.5,4,top_down,4.0,4.0,True,3379.75131197,3126.75660877,0.0388833313178,0.0,0.007
if another,0.495350912278,0.5,1,top_down,1.0,1.0,False,579.634251067,568.954471611,0.0092981754436,0.0,0.002
if both,0.492140951897,0.5,1,top_down,1.0,1.0,False,1024.71073129,992.996219326,0.0157180962054,0.0,0.002
"if closed,",0.504883402983,0.5,1,bottom_up,1.0,1.0,False,888.130915047,905.650429385,-0.00976680596684,0.0,0.002
if dad,0.498621356534,0.5,1,top_down,1.0,1.0,False,773.240138894,768.987774023,0.00275728693236,0.0,0.002
if he,0.499177029967,0.5,1,top_down,1.0,1.0,False,650.165387806,648.028638244,0.00164594006683,0.0,0.002
if i,0.489472387409,0.5,1,top_down,1.0,1.0,False,826.399882373,792.31742496,0.0210552251827,0.0,0.002
if it,0.495963711158,0.5,1,top_down,1.0,1.0,False,856.886084462,843.162311717,0.00807257768417,0.0,0.002
if left,0.47810528273,0.5,1,top_down,1.0,1.0,False,826.579910949,757.225947967,0.0437894345393,0.0,0.002
if she,0.491007930636,0.5,2,top_down,2.0,2.0,False,1662.56956085,1603.82624553,0.0179841387275,0.0,0.003
if shelf,0.442249240119,0.5,1,top_down,1.0,1.0,False,848.275409324,672.610746897,0.115501519761,0.0,0.002
if someone,0.494072997091,0.5,1,top_down,1.0,1.0,False,878.354644155,857.774558486,0.0118540058181,0.0,0.002
if the,0.488390026483,0.5,43,top_down,38.8,38.9,True,35316.5378309,33713.6602868,0.023219947034,-0.1,0.072
if they,0.483809546924,0.5,2,top_down,1.3,1.0,False,2030.17144494,1902.81769278,0.0323809061522,0.3,0.003
if this,0.488063179395,0.5,8,top_down,6.0,6.0,True,6264.96959281,5972.80925147,0.0238736412102,0.0,0.013
if you,0.492012826257,0.5,7,top_down,5.9,5.9,True,6290.96325468,6093.1353601,0.0159743474869,0.0,0.012
in 1,0.481519046135,0.5,1,top_down,1.0,1.0,False,616.098653095,572.177692452,0.036961907731,0.0,0.002
in a,0.510904616068,0.5,1,bottom_up,0.6,0.6,False,520.109963754,543.302165743,-0.0218092321365,0.0,0.002
in aesop's,0.523886072679,0.5,1,bottom_up,1.0,1.0,False,704.258696624,774.922348525,-0.0477721453589,0.0,0.002
in case,0.46304564642,0.5,1,top_down,1.0,1.0,False,789.006680263,680.404406551,0.0739087071593,0.0,0.002
in the,0.500148941027,0.5,7,bottom_up,6.3,6.3,True,5910.76832866,5914.29080156,-0.000297882053799,0.0,0.012
in this,0.489844247758,0.5,1,top_down,1.0,1.0,False,838.16588711,804.79488208,0.0203115044837,0.0,0.002
in what,0.528649861003,0.5,9,bottom_up,6.9,7.2,True,6540.44104235,7335.53034545,-0.0572997220069,-0.3,0.015
in which,0.542624721557,0.5,1,bottom_up,0.3,0.3,False,538.740798636,639.155830298,-0.0852494431136,0.0,0.002
indoors or,0.469541477044,0.5,1,top_down,0.0,0.0,False,760.898713606,673.518268453,0.060917045912,0.0,0.002
is,0.495733019367,0.5,351,top_down,348.0,348.5,True,310826.820279,305566.54319,0.00853396126681,-0.5,0.585
is anyone,0.515014230019,0.5,178,bottom_up,178.0,178.0,True,161072.648432,171045.649468,-0.0300284600373,0.0,0.297
is he,0.495033921761,0.5,273,top_down,271.9,271.6,True,238731.897235,234036.289625,0.00993215647775,0.3,0.455
is it,0.496497331271,0.5,930,top_down,919.2,921.3,True,934808.306719,921802.124121,0.00700533745889,-2.1,1.55
is she,0.494081710575,0.5,409,top_down,404.0,405.6,True,358060.197867,349682.940405,0.0118365788506,-1.6,0.682
is that,0.492563870685,0.5,257,top_down,249.7,249.6,True,225973.693955,219350.714182,0.014872258631,0.1,0.428
is the,0.497854163218,0.5,3320,top_down,3256.5,3261.4,True,2874663.65159,2850094.85684,0.0042916735636,-4.9,5.533
is the baby,0.498967165432,0.5,361,top_down,354.9,356.4,True,317874.217104,316563.678324,0.00206566913629,-1.5,0.602
is the boy,0.496723335156,0.5,869,top_down,862.1,861.6,True,741720.940064,732062.749655,0.00655332968861,0.5,1.448
is the cat,0.490081862937,0.5,505,top_down,500.2,502.6,True,454762.000103,437071.34931,0.0198362741252,-2.4,0.842
is the dog,0.490481339507,0.5,852,top_down,836.9,839.9,True,772270.554075,743415.943703,0.0190373209861,-3.0,1.42
is the girl,0.496739389997,0.5,920,top_down,912.8,912.9,True,788341.791732,778126.507323,0.00652122000521,-0.1,1.533
is the lady,0.491412748054,0.5,355,top_down,347.3,348.0,True,317602.151977,306877.031804,0.0171745038928,-0.7,0.592
is the little girl,0.49594577076,0.5,257,top_down,255.6,255.6,True,221758.163612,218190.855259,0.00810845848043,0.0,0.428
is the man,0.49315291657,0.5,1307,top_down,1273.6,1278.1,True,1121742.71281,1091435.08673,0.0136941668592,-4.5,2.178
is the old man,0.493586732069,0.5,171,top_down,170.5,170.8,True,152451.711268,148590.384036,0.0128265358628,-0.3,0.285
is the sun,0.500144695378,0.5,306,bottom_up,301.8,302.9,True,280568.876203,280731.311288,-0.00028939075613,-1.1,0.51
is the tv,0.503593276966,0.5,201,bottom_up,200.0,199.9,True,145456.708914,147562.507314,-0.00718655393136,0.1,0.335
is the woman,0.495553160895,0.5,1363,top_down,1341.8,1344.8,True,1158936.30858,1138503.61717,0.00889367820976,-3.0,2.272
is the young,0.49059896996,0.5,225,top_down,223.8,223.6,True,202374.452844,194904.784751,0.0188020600798,0.2,0.375
is there,0.496033619641,0.5,334,top_down,332.5,333.5,True,277467.567251,273100.046115,0.0079327607183,-1.0,0.557
is there a,0.499736928253,0.5,1779,top_down,1776.3,1777.2,True,1485660.56315,1484098.04398,0.000526143494343,-0.9,2.965
is this,0.49600555074,0.5,521,top_down,507.5,507.7,True,449472.400993,442347.740385,0.00798889851978,-0.2,0.868
is this a,0.496137560129,0.5,232,top_down,224.7,223.9,True,204612.28045,201475.302706,0.00772487974126,0.8,0.387
it appears,0.484607503905,0.5,1,top_down,1.0,1.0,False,828.202652132,778.733146134,0.0307849921891,0.0,0.002
it's the,0.483658657656,0.5,1,top_down,1.0,1.0,False,1115.55844127,1044.94731294,0.0326826846873,0.0,0.002
judging by,0.491853688963,0.5,1,top_down,1.0,1.0,False,839.113374557,812.209003135,0.016292622074,0.0,0.002
laughing at,0.441739064912,0.5,1,top_down,0.0,0.0,False,1244.07906091,984.411207199,0.116521870177,0.0,0.002
looking at,0.506752691348,0.5,2,bottom_up,2.0,2.0,False,1546.83164699,1589.18474855,-0.0135053826967,0.0,0.003
looking out,0.500102377745,0.5,1,bottom_up,1.0,1.0,False,948.506268494,948.894771773,-0.000204755489617,0.0,0.002
male or,0.503629655377,0.5,1,bottom_up,1.0,1.0,False,1047.97426019,1063.30066093,-0.00725931075422,0.0,0.002
man or,0.504087996817,0.5,1,bottom_up,1.0,1.0,False,891.698695298,906.399938278,-0.00817599363321,0.0,0.002
many people,0.493052984518,0.5,1,top_down,1.0,1.0,False,892.683587747,868.217572503,0.0138940309634,0.0,0.002
might a,0.478369081481,0.5,1,top_down,1.0,1.0,False,1128.10339629,1034.54332621,0.0432618370382,0.0,0.002
might it,0.52074937765,0.5,1,bottom_up,1.0,1.0,False,716.758879782,778.823695089,-0.041498755301,0.0,0.002
might she,0.492608013199,0.5,1,top_down,1.0,1.0,False,1023.39626287,993.577377811,0.0147839736016,0.0,0.002
might that,0.499844526989,0.5,1,top_down,1.0,1.0,False,986.815782307,986.202280189,0.000310946022067,0.0,0.002
might the,0.492535415089,0.5,7,top_down,7.0,7.0,True,5860.33754893,5687.93147945,0.0149291698219,0.0,0.012
name the,0.458758562278,0.5,10,top_down,2.9,2.6,True,7808.77736235,6618.75315937,0.0824828754435,0.3,0.017
name three,0.438708260495,0.5,1,top_down,0.0,0.0,False,875.675620638,684.432178935,0.12258347901,0.0,0.002
of the,0.482072515787,0.5,1,top_down,0.3,0.3,False,862.498787331,802.789913541,0.035854968426,0.0,0.002
on is,0.470790544101,0.5,1,top_down,1.0,1.0,False,689.647677183,613.518147796,0.0584189117975,0.0,0.002
on the,0.477598148471,0.5,2,top_down,2.0,2.0,False,1562.88767479,1428.84688782,0.0448037030573,0.0,0.003
on what,0.512831732411,0.5,3,bottom_up,3.0,3.0,True,2415.97407374,2543.24481319,-0.0256634648213,0.0,0.005
on which,0.533960661224,0.5,2,bottom_up,2.0,2.0,False,1729.42046617,1981.46898516,-0.0679213224476,0.0,0.003
one little,0.482984275334,0.5,1,top_down,1.0,1.0,False,644.657647098,602.224442445,0.0340314493318,0.0,0.002
orange and,0.464473224661,0.5,1,top_down,0.9,0.6,False,434.62548399,376.959489917,0.071053550678,0.3,0.002
other than,0.5288916176,0.5,1,bottom_up,1.0,1.0,False,662.430315422,743.679913498,-0.0577832352008,0.0,0.002
pick one,0.455347632295,0.5,1,top_down,1.0,1.0,False,719.343414087,601.395201479,0.0893047354093,0.0,0.002
should a,0.509304545887,0.5,4,bottom_up,4.0,4.0,True,3401.33301449,3530.32487226,-0.0186090917747,0.0,0.007
should books,0.496908325253,0.5,1,top_down,1.0,1.0,False,876.217436168,865.448109398,0.00618334949406,0.0,0.002
should children,0.500983549735,0.5,1,bottom_up,1.0,1.0,False,972.305270223,976.138052048,-0.0019670994692,0.0,0.002
should dogs,0.500725954712,0.5,1,bottom_up,1.0,1.0,False,1050.05644187,1053.11004912,-0.00145190942471,0.0,0.002
should he,0.491190386424,0.5,4,top_down,4.0,4.0,True,3481.74446799,3361.17747195,0.0176192271515,0.0,0.007
should she,0.487368379715,0.5,4,top_down,4.0,4.0,True,3621.13172634,3442.67702648,0.0252632405699,0.0,0.007
should someone,0.510032090042,0.5,2,bottom_up,2.0,2.0,False,1582.1687815,1646.95857428,-0.0200641800847,0.0,0.003
should the,0.496414566253,0.5,77,top_down,76.5,77.0,True,64334.8024149,63418.6989844,0.00717086749464,-0.5,0.128
should there,0.497123458095,0.5,1,top_down,1.0,1.0,False,727.3239358,719.003095175,0.0057530838094,0.0,0.002
should these,0.471596570727,0.5,1,top_down,1.0,1.0,False,779.585542669,695.774947973,0.0568068585458,0.0,0.002
should they,0.494570086277,0.5,4,top_down,4.0,4.0,True,3036.68501908,2971.43784153,0.0108598274462,0.0,0.007
should this,0.510211279274,0.5,8,bottom_up,8.0,8.0,True,6039.4863827,6291.31285203,-0.0204225585489,0.0,0.013
shouldn't the,0.50525499518,0.5,1,bottom_up,1.0,1.0,False,739.185225211,754.887919561,-0.0105099903609,0.0,0.002
shouldn't this,0.493594979731,0.5,1,top_down,1.0,1.0,False,741.048514819,722.302923572,0.0128100405379,0.0,0.002
"statistically speaking,",0.478479351608,0.5,1,top_down,1.0,1.0,False,738.746327411,677.777313003,0.0430412967836,0.0,0.002
that is,0.480905100114,0.5,1,top_down,0.9,0.9,False,679.638367671,629.637388689,0.0381897997722,0.0,0.002
the ball,0.499340821736,0.5,1,top_down,1.0,1.0,False,872.239345379,869.942528531,0.0013183565289,0.0,0.002
the bench,0.500619208881,0.5,1,bottom_up,1.0,1.0,False,560.191874046,561.581097619,-0.00123841776196,0.0,0.002
the bicycle,0.478623971918,0.5,1,top_down,1.0,1.0,False,746.86618833,685.624275563,0.0427520561642,0.0,0.002
the boy,0.486137446674,0.5,2,top_down,2.0,2.0,False,1621.84038437,1534.33508293,0.0277251066516,0.0,0.003
the boys,0.483182775546,0.5,1,top_down,1.0,1.0,False,626.014191904,585.273207747,0.0336344489084,0.0,0.002
the curtains,0.502210010102,0.5,4,bottom_up,4.0,4.0,True,2831.86698287,2857.01194266,-0.00442002020401,0.0,0.007
the dog,0.491029295614,0.5,1,top_down,1.0,1.0,False,815.743823683,786.988547068,0.0179414087715,0.0,0.002
the door,0.507147913577,0.5,2,bottom_up,2.0,2.0,False,1712.19908169,1761.8636825,-0.0142958271546,0.0,0.003
the fire,0.482358331896,0.5,2,top_down,2.0,2.0,False,1527.81239198,1423.67410171,0.0352833362082,0.0,0.003
the girl,0.464090589073,0.5,1,top_down,1.0,1.0,False,933.792250334,808.65196,0.0718188218549,0.0,0.002
the grass,0.512379273311,0.5,1,bottom_up,1.0,1.0,False,906.816677426,952.859558208,-0.0247585466221,0.0,0.002
the lady,0.472698080147,0.5,1,top_down,1.0,1.0,False,837.722956906,750.974002778,0.054603839706,0.0,0.002
the man,0.486337873028,0.5,3,top_down,2.0,2.0,True,2594.82387262,2456.79223137,0.0273242539444,0.0,0.005
the older,0.488363621854,0.5,1,top_down,1.0,1.0,False,753.228430544,718.966399061,0.0232727562915,0.0,0.002
the picture,0.474724336623,0.5,1,top_down,1.0,1.0,False,730.974079043,660.626807897,0.0505513267534,0.0,0.002
the shirt,0.48266063669,0.5,1,top_down,1.0,1.0,False,1132.65206219,1056.72717805,0.0346787266201,0.0,0.002
the skateboards,0.417070607096,0.5,1,top_down,1.0,1.0,False,831.203057769,594.703866615,0.165858785808,0.0,0.002
the tv,0.51085540576,0.5,1,bottom_up,1.0,1.0,False,1111.68533497,1161.02778107,-0.0217108115194,0.0,0.002
the window,0.501497776101,0.5,1,bottom_up,1.0,1.0,False,665.364330074,669.362574192,-0.00299555220264,0.0,0.002
the woman,0.511077650943,0.5,1,bottom_up,1.0,1.0,False,847.06245247,885.446716122,-0.0221553018869,0.0,0.002
the woman's,0.478246117362,0.5,2,top_down,1.0,1.0,False,1965.33680452,1801.4522313,0.043507765277,0.0,0.003
the yellow,0.494631850904,0.5,1,top_down,1.0,1.0,False,921.435655454,901.86020738,0.0107362981911,0.0,0.002
their outfits,0.455143558498,0.5,1,top_down,1.0,1.0,False,594.362895731,496.49856879,0.0897128830048,0.0,0.002
there are,0.472732770938,0.5,6,top_down,6.0,6.0,True,4500.59795519,4035.10786365,0.0545344581248,0.0,0.01
there is,0.481973603368,0.5,3,top_down,3.0,3.0,True,2472.14168443,2300.08942291,0.0360527932646,0.0,0.005
they can't,0.46170720441,0.5,1,top_down,1.0,1.0,False,654.980702561,561.793342952,0.0765855911807,0.0,0.002
this cat,0.486607818033,0.5,1,top_down,0.9,1.0,False,804.39401027,762.427687693,0.0267843639334,-0.1,0.002
this is,0.468212058744,0.5,2,top_down,1.3,1.3,False,1264.53862949,1113.36152843,0.0635758825114,0.0,0.003
this looks,0.4660960904,0.5,1,top_down,0.0,0.0,False,645.706930313,563.699703919,0.0678078192006,0.0,0.002
this picture,0.497238470185,0.5,1,top_down,1.0,1.0,False,782.620284817,774.022851951,0.00552305962936,0.0,0.002
this the,0.499313899707,0.5,1,top_down,1.0,1.0,False,732.016546112,730.010351946,0.00137220058582,0.0,0.002
to the,0.475413783932,0.5,1,top_down,1.0,1.0,False,745.82696529,675.916386794,0.0491724321366,0.0,0.002
to which,0.517928250277,0.5,1,bottom_up,1.0,1.0,False,546.485981351,587.133612962,-0.0358565005536,0.0,0.002
was he,0.489081998819,0.5,2,top_down,2.0,2.0,False,1696.29064341,1623.79328295,0.0218360023626,0.0,0.003
was her,0.515573150873,0.5,1,bottom_up,1.0,1.0,False,505.34079194,537.831758984,-0.0311463017458,0.0,0.002
was someone,0.481683060331,0.5,2,top_down,2.0,2.0,False,1784.19214637,1658.08806834,0.0366338793376,0.0,0.003
was the,0.48545423862,0.5,16,top_down,15.8,16.0,True,12192.6288711,11503.2788328,0.0290915227591,-0.2,0.027
was there,0.477191782592,0.5,2,top_down,2.0,2.0,False,1293.69977328,1180.82095956,0.0456164348166,0.0,0.003
was this,0.484070269565,0.5,3,top_down,3.0,3.0,True,2322.44943425,2179.03458043,0.0318594608692,0.0,0.005
weird perspective,0.512318422606,0.5,1,bottom_up,0.3,0.0,False,655.824101474,688.955221497,-0.024636845211,0.3,0.002
were her,0.492763665437,0.5,1,top_down,1.0,1.0,False,629.727255488,611.759626618,0.0144726691268,0.0,0.002
were the,0.484036015567,0.5,2,top_down,1.0,1.0,False,1789.41653533,1678.68703259,0.0319279688666,0.0,0.003
were there,0.503445038109,0.5,1,bottom_up,1.0,1.0,False,1038.82070372,1053.23512785,-0.00689007621713,0.0,0.002
were these,0.487537629822,0.5,1,top_down,1.0,1.0,False,841.102893978,800.19399517,0.0249247403553,0.0,0.002
what,0.479413804769,0.5,2376,top_down,2032.6,2026.8,True,2138600.6005,1969461.84927,0.0411723904617,5.8,3.96
what animal is,0.48999094803,0.5,341,top_down,338.4,334.1,True,307883.417905,295798.843646,0.020018103941,4.3,0.568
what are the,0.476233998523,0.5,651,top_down,564.7,565.3,True,547487.97374,497803.19101,0.0475320029532,-0.6,1.085
what are they,0.477444275826,0.5,300,top_down,273.8,272.3,True,254156.575307,232215.621091,0.0451114483486,1.5,0.5
what color,0.499538127042,0.5,269,top_down,252.3,252.0,True,239812.808474,239370.16516,0.00092374591507,0.3,0.448
what color are the,0.48752350466,0.5,768,top_down,740.4,741.1,True,645164.170838,613750.48516,0.0249529906799,-0.7,1.28
what color is,0.503838498028,0.5,179,bottom_up,176.2,176.1,True,157477.205509,159913.815123,-0.00767699605651,0.1,0.298
what color is the,0.498819365712,0.5,4188,top_down,4129.5,4133.0,True,3558269.68664,3541505.21128,0.00236126857589,-3.5,6.98
what is,0.471207123023,0.5,2101,top_down,1996.0,1993.0,True,1857799.45995,1655484.3622,0.0575857539543,3.0,3.502
what is in the,0.468239245285,0.5,746,top_down,709.2,705.8,True,609375.022807,536582.096826,0.0635215094293,3.4,1.243
what is on the,0.462016816341,0.5,1237,top_down,1126.6,1127.6,True,1004930.42613,863028.381233,0.0759663673174,-1.0,2.062
what is the,0.483739765282,0.5,1721,top_down,1562.0,1566.3,True,1496561.13146,1402289.15918,0.0325204694353,-4.3,2.868
what is the baby,0.488360202779,0.5,179,top_down,165.0,167.5,True,149463.915822,142663.312423,0.0232795944421,-2.5,0.298
what is the boy,0.48612327053,0.5,601,top_down,555.2,553.1,True,530498.916345,501847.72619,0.0277534589394,2.1,1.002
what is the cat,0.488030843466,0.5,282,top_down,261.5,261.4,True,242699.770014,231351.775702,0.0239383130674,0.0999999999999,0.47
what is the dog,0.474318439179,0.5,418,top_down,393.1,392.4,True,342996.589904,309483.191522,0.0513631216423,0.7,0.697
what is the girl,0.483226032282,0.5,571,top_down,520.9,522.8,True,493916.482932,461852.409826,0.0335479354364,-1.9,0.952
what is the lady,0.483657088543,0.5,274,top_down,246.9,247.6,True,232298.849983,217593.740441,0.0326858229147,-0.7,0.457
what is the little,0.489462404004,0.5,206,top_down,189.4,187.4,True,171538.862266,164457.670823,0.0210751919919,2.0,0.343
what is the man,0.482136662493,0.5,735,top_down,658.0,658.0,True,622060.320907,579145.240202,0.0357266750132,0.0,1.225
what is the woman,0.485947729648,0.5,690,top_down,626.1,627.5,True,594100.150278,561619.189062,0.0281045407048,-1.4,1.15
what kind of,0.486759964576,0.5,759,top_down,669.6,673.5,True,653930.736361,620191.879231,0.0264800708481,-3.9,1.265
what type of,0.482730403636,0.5,435,top_down,392.6,391.0,True,390506.680134,364431.717326,0.0345391927282,1.6,0.725
when closed,0.511833075283,0.5,1,bottom_up,1.0,1.0,False,896.554983103,940.019634529,-0.0236661505657,0.0,0.002
when did,0.469553324125,0.5,3,top_down,1.2,1.2,True,1587.24680436,1405.03663627,0.0608933517508,0.0,0.005
when is,0.4769586395,0.5,2,top_down,0.9,0.9,False,1256.91950182,1146.17821997,0.0460827210004,0.0,0.003
when the,0.494928584801,0.5,1,top_down,1.0,1.0,False,759.351300765,744.102028635,0.0101428303971,0.0,0.002
when these,0.462969950269,0.5,1,top_down,1.0,1.0,False,908.204198044,782.956656918,0.0740600994628,0.0,0.002
when using,0.438716097384,0.5,1,top_down,1.0,1.0,False,921.761543619,720.476082157,0.122567805233,0.0,0.002
when was,0.453939976018,0.5,1,top_down,1.0,0.6,False,617.248266913,513.118798619,0.0921200479642,0.4,0.002
when will,0.479188454525,0.5,10,top_down,1.2,1.2,True,7699.53511987,7084.19075326,0.0416230909507,0.0,0.017
when you,0.499495843295,0.5,1,top_down,1.0,1.0,False,935.000502557,933.116854776,0.00100831340901,0.0,0.002
where are,0.480152916145,0.5,15,top_down,10.8,11.6,True,10622.1981652,9811.11481301,0.0396941677096,-0.8,0.025
where are the,0.481395638972,0.5,330,top_down,265.8,268.9,True,229647.376789,213170.682692,0.0372087220561,-3.1,0.55
where can,0.476802817214,0.5,15,top_down,14.4,13.4,True,12808.7837435,11672.9683854,0.0463943655711,1.0,0.025
where color,0.494460836103,0.5,1,top_down,1.0,1.0,False,655.314608736,640.954118863,0.0110783277937,0.0,0.002
where could,0.486483867339,0.5,7,top_down,6.6,6.5,True,5885.56955905,5575.74428234,0.0270322653228,0.1,0.012
where did,0.479346758884,0.5,15,top_down,8.7,8.7,True,13144.6360451,12101.794798,0.0413064822329,0.0,0.025
where do,0.453033807454,0.5,8,top_down,7.8,7.8,True,9295.95039305,7699.52486619,0.0939323850912,0.0,0.013
where does,0.481288259002,0.5,20,top_down,14.6,14.6,True,14807.5977568,13739.2744006,0.0374234819957,-1.7763568394e-15,0.033
where else,0.481127335555,0.5,3,top_down,1.9,1.9,True,2032.31368542,1884.47327347,0.0377453288891,0.0,0.005
where has,0.499410275538,0.5,2,top_down,2.0,2.0,False,1289.32521313,1286.28740959,0.00117944892342,0.0,0.003
where in,0.507756971118,0.5,2,bottom_up,2.0,2.0,False,1503.12699765,1550.50080296,-0.0155139422354,0.0,0.003
where is,0.488569770388,0.5,62,top_down,53.3,54.1,True,43340.7687595,41403.4763985,0.0228604592243,-0.8,0.103
where is the,0.497694975405,0.5,2625,top_down,2152.2,2133.6,True,1745267.10693,1729249.41486,0.00461004918962,18.6,4.375
where it,0.433420214786,0.5,1,top_down,0.9,0.9,False,743.035074038,568.404362082,0.133159570428,0.0,0.002
where letters,0.475635724886,0.5,1,top_down,1.0,1.0,False,801.978317313,727.451423373,0.0487285502285,0.0,0.002
where might,0.450504909088,0.5,4,top_down,2.0,2.0,True,3674.47023291,3012.52350677,0.0989901818238,0.0,0.007
where on,0.520217241036,0.5,4,bottom_up,3.8,3.8,True,2795.31384037,3030.89351732,-0.0404344820711,0.0,0.007
where should,0.505711680808,0.5,1,bottom_up,0.3,0.3,False,625.962676553,640.429128084,-0.0114233616153,0.0,0.002
where the,0.491535583971,0.5,1,top_down,1.0,1.0,False,780.918712765,754.91877782,0.016928832057,0.0,0.002
where was,0.482001232143,0.5,4,top_down,3.3,3.3,True,2691.11631518,2504.1012841,0.0359975357148,0.0,0.007
where will,0.490708318621,0.5,8,top_down,7.7,7.8,True,5405.91769727,5208.66309194,0.0185833627585,-0.1,0.013
where would,0.472466077215,0.5,10,top_down,9.4,9.4,True,9418.89719658,8435.68388296,0.0550678455708,0.0,0.017
where's her,0.518166747672,0.5,1,bottom_up,0.3,0.3,False,432.137506314,464.723605338,-0.0363334953435,0.0,0.002
where's the,0.49949608227,0.5,2,top_down,1.5,1.8,False,1226.32357081,1223.85419477,0.00100783546063,-0.3,0.003
which,0.499432593842,0.5,524,top_down,456.0,452.5,True,416187.530693,415244.011939,0.00113481231502,3.5,0.873
who,0.463179186128,0.5,216,top_down,187.8,189.8,True,187111.464736,161443.322822,0.0736416277449,-2.0,0.36
who is,0.466108410208,0.5,776,top_down,692.5,692.8,True,680213.553738,593853.254475,0.0677831795843,-0.3,1.293
why,0.48538775397,0.5,298,top_down,131.2,130.9,True,217142.919596,204811.515557,0.0292244920594,0.3,0.497
why is the,0.483036163815,0.5,493,top_down,250.9,248.6,True,364846.640332,340902.224085,0.0339276723696,2.3,0.822
will a,0.484496383875,0.5,2,top_down,1.0,1.3,False,1475.89613687,1387.12187252,0.0310072322496,-0.3,0.003
will all,0.503904016826,0.5,1,bottom_up,1.0,1.0,False,1095.61625625,1112.86011407,-0.00780803365241,0.0,0.002
will an,0.535967381824,0.5,1,bottom_up,1.0,1.0,False,632.060367542,730.042947579,-0.0719347636477,0.0,0.002
will ants,0.507567391305,0.5,1,bottom_up,1.0,1.0,False,793.963872347,818.366136528,-0.0151347826107,0.0,0.002
will anyone,0.511234499922,0.5,2,bottom_up,2.0,2.0,False,1537.65889154,1608.34648587,-0.0224689998433,0.0,0.003
will both,0.495210843746,0.5,2,top_down,2.0,2.0,False,1908.60357698,1872.38805751,0.00957831250897,0.0,0.003
will either,0.503563368602,0.5,2,bottom_up,2.0,2.0,False,1725.44922354,1750.21940044,-0.0071267372042,0.0,0.003
will everyone,0.504042047736,0.5,1,bottom_up,1.0,1.0,False,654.449959464,665.117468534,-0.00808409547224,0.0,0.002
will grandma,0.487299371421,0.5,1,top_down,1.0,1.0,False,717.936036486,682.366589388,0.0254012571574,0.0,0.002
will he,0.496941483264,0.5,14,top_down,13.9,14.0,True,11621.0189403,11479.711002,0.00611703347162,-0.1,0.023
will his,0.49031210221,0.5,3,top_down,3.0,3.0,True,2517.04881492,2421.36315412,0.0193757955792,0.0,0.005
will it,0.506215536584,0.5,16,bottom_up,16.0,16.0,True,15071.1313598,15450.5485965,-0.0124310731671,0.0,0.027
will leaves,0.491260619999,0.5,1,top_down,1.0,1.0,False,799.370974565,771.906984227,0.0174787600019,0.0,0.002
will mom,0.487950483945,0.5,1,top_down,1.0,1.0,False,859.217012742,818.778934529,0.0240990321096,0.0,0.002
will more,0.491906196604,0.5,2,top_down,2.0,2.0,False,1176.6040813,1139.11808149,0.0161876067913,0.0,0.003
will one,0.505082986528,0.5,1,bottom_up,1.0,1.0,False,840.927703195,858.200999808,-0.0101659730558,0.0,0.002
will people,0.505753110145,0.5,1,bottom_up,1.0,1.0,False,598.479894284,612.412691119,-0.0115062202899,0.0,0.002
will rain,0.494363006435,0.5,1,top_down,1.0,1.0,False,617.507883776,603.73955586,0.0112739871292,0.0,0.002
will she,0.4949688308,0.5,15,top_down,15.0,15.0,True,11143.9753261,10921.9406128,0.0100623383994,0.0,0.025
will someone,0.501533850063,0.5,4,bottom_up,3.9,4.0,True,3339.870017,3360.42451137,-0.00306770012527,-0.1,0.007
will stars,0.5210303024,0.5,1,bottom_up,1.0,1.0,False,561.344550861,610.6388829,-0.0420606047995,0.0,0.002
will that,0.49392062235,0.5,8,top_down,8.0,8.0,True,6885.46773813,6720.04167842,0.0121587552991,0.0,0.013
will the,0.499226044504,0.5,474,top_down,469.2,470.8,True,376244.731992,375081.745478,0.00154791099225,-1.6,0.79
will this,0.497885028127,0.5,21,top_down,21.0,20.9,True,16759.9114353,16618.7216949,0.00422994374564,0.1,0.035
will two,0.470893040853,0.5,1,top_down,1.0,1.0,False,807.576142837,718.72421832,0.0582139182943,0.0,0.002
will you,0.488921424198,0.5,1,top_down,1.0,1.0,False,600.532781921,574.497458739,0.0221571516044,0.0,0.002
with one,0.487721552237,0.5,1,top_down,0.3,0.3,False,587.075855268,558.933425098,0.0245568955262,0.0,0.002
with what,0.530299019388,0.5,1,bottom_up,1.0,1.0,False,642.818970495,725.751667056,-0.0605980387753,0.0,0.002
won't the,0.501276591471,0.5,1,bottom_up,1.0,1.0,False,735.984531368,739.752357619,-0.00255318294143,0.0,0.002
would a,0.48599695981,0.5,16,top_down,15.0,15.0,True,12756.3318253,12061.2875813,0.0280060803808,0.0,0.027
would any,0.495181520674,0.5,1,top_down,1.0,1.0,False,762.60759664,748.049457077,0.00963695865132,0.0,0.002
would chairs,0.476806200809,0.5,1,top_down,1.0,1.0,False,927.159260658,844.955130017,0.0463875983817,0.0,0.002
would combining,0.494981889649,0.5,1,top_down,1.0,1.0,False,846.796390235,829.968012623,0.0100362207018,0.0,0.002
would everybody,0.485675666108,0.5,1,top_down,1.0,1.0,False,1053.01805586,994.363307359,0.0286486677835,0.0,0.002
would he,0.475001852401,0.5,3,top_down,3.0,3.0,True,2510.96413359,2271.84156786,0.0499962951985,0.0,0.005
would his,0.473702133033,0.5,2,top_down,1.0,1.0,False,2080.33510073,1872.43619344,0.0525957339337,0.0,0.003
would it,0.491793789088,0.5,10,top_down,10.0,10.0,True,8302.66674872,8034.53372316,0.016412421824,0.0,0.017
would just,0.484949315272,0.5,1,top_down,1.0,1.0,False,818.809813739,770.955694817,0.0301013694563,0.0,0.002
would one,0.49204297861,0.5,3,top_down,3.0,3.0,True,2755.7572045,2669.42069138,0.015914042779,0.0,0.005
would paris,0.509124600127,0.5,1,bottom_up,1.0,1.0,False,653.698699437,678.001156792,-0.0182492002543,0.0,0.002
would she,0.50059167007,0.5,2,bottom_up,2.0,2.0,False,1466.00107776,1469.47474413,-0.00118334013931,0.0,0.003
would smokey,0.525378495791,0.5,1,bottom_up,1.0,1.0,False,891.688045666,987.046983738,-0.0507569915819,0.0,0.002
would some,0.462498296242,0.5,1,top_down,1.0,1.0,False,876.509283462,754.200493519,0.0750034075159,0.0,0.002
would sunglasses,0.464453436079,0.5,1,top_down,0.0,0.0,False,738.678339044,640.619725415,0.0710931278421,0.0,0.002
would that,0.500900917461,0.5,2,bottom_up,2.0,2.0,False,1583.4946017,1589.21129397,-0.00180183492167,0.0,0.003
would the,0.492935602709,0.5,40,top_down,39.3,39.2,True,32004.6169799,31112.8433484,0.0141287945812,0.1,0.067
would these,0.497697250781,0.5,6,top_down,5.6,5.6,True,5455.0106329,5404.9948944,0.00460549843812,0.0,0.01
would they,0.493962650264,0.5,1,top_down,1.0,1.0,False,689.716940573,673.259410743,0.0120746994723,0.0,0.002
would this,0.488800221815,0.5,14,top_down,14.0,14.0,True,13480.9879511,12890.2831769,0.0223995563708,0.0,0.023
would you,0.488079288321,0.5,14,top_down,14.0,14.0,True,11967.5994906,11410.2385565,0.0238414233572,0.0,0.023
wrist is,0.468874312155,0.5,1,top_down,1.0,1.0,False,650.185225194,573.979299463,0.0622513756902,0.0,0.002
yes it,0.483165947989,0.5,1,top_down,1.0,1.0,False,1125.55802456,1052.23583438,0.0336681040214,0.0,0.002
yes she,0.466364087924,0.5,1,top_down,1.0,1.0,False,704.227381241,615.450259084,0.0672718241518,0.0,0.002
yes the,0.49126653365,0.5,4,top_down,4.0,4.0,True,3594.35540198,3470.94625346,0.0174669327007,0.0,0.007
"yes, the",0.516803422854,0.5,1,bottom_up,1.0,1.0,False,534.284449426,571.444512028,-0.0336068457076,0.0,0.002
